ArraySize,ExecutionTime
10000,0.00643296
50000,0.0304179
100000,0.059836
500000,0.324532
1000000,0.666778
5000000,3.73995
10000000,7.42674
